{"a": -0.018108998310839668, "b": 8096.826648300562}