{"a": -0.02071385903738022, "b": 8375.540887556324}